slice_file_name,fsID,start,end,salience,fold,classID,class,license
100648-1-0-0.wav,100648,4.823402,5.471927,2,10,1,car_horn,CC0
100648-1-1-0.wav,100648,8.998279,10.052132,2,10,1,car_horn,CC0
100648-1-2-0.wav,100648,16.699509,17.104837,2,10,1,car_horn,CC0
100648-1-3-0.wav,100648,17.631764,19.253075,2,10,1,car_horn,CC0
100648-1-4-0.wav,100648,25.332994,27.197502,2,10,1,car_horn,CC0
102853-8-0-0.wav,102853,0.0,4.0,2,7,8,siren,CC BY
102853-8-0-1.wav,102853,0.5,4.5,2,7,8,siren,CC BY
102853-8-0-2.wav,102853,1.0,5.0,2,7,8,siren,CC BY
102853-8-0-3.wav,102853,1.5,5.5,2,7,8,siren,CC BY
102853-8-0-4.wav,102853,2.0,6.0,2,7,8,siren,CC BY
102853-8-0-5.wav,102853,2.5,6.5,2,7,8,siren,CC BY
102853-8-0-6.wav,102853,3.0,7.0,2,7,8,siren,CC BY
102853-8-1-0.wav,102853,27.214044,31.214044,2,7,8,siren,CC BY
102871-8-0-0.wav,102871,0.0,4.0,1,2,8,siren,CC BY
102871-8-0-1.wav,102871,0.5,4.5,1,2,8,siren,CC BY
102871-8-0-10.wav,102871,5.0,9.0,1,2,8,siren,CC BY
102871-8-0-11.wav,102871,5.5,9.5,1,2,8,siren,CC BY
102871-8-0-12.wav,102871,6.0,10.0,1,2,8,siren,CC BY
102871-8-0-13.wav,102871,6.5,10.5,1,2,8,siren,CC BY
102871-8-0-14.wav,102871,7.0,11.0,1,2,8,siren,CC BY
102871-8-0-15.wav,102871,7.5,11.5,1,2,8,siren,CC BY
102871-8-0-2.wav,102871,1.0,5.0,1,2,8,siren,CC BY
102871-8-0-3.wav,102871,1.5,5.5,1,2,8,siren,CC BY
102871-8-0-4.wav,102871,2.0,6.0,1,2,8,siren,CC BY
102871-8-0-5.wav,102871,2.5,6.5,1,2,8,siren,CC BY
102871-8-0-6.wav,102871,3.0,7.0,1,2,8,siren,CC BY
102871-8-0-7.wav,102871,3.5,7.5,1,2,8,siren,CC BY
102871-8-0-8.wav,102871,4.0,8.0,1,2,8,siren,CC BY
102871-8-0-9.wav,102871,4.5,8.5,1,2,8,siren,CC BY
107090-1-0-0.wav,107090,25.500254,26.099176,2,8,1,car_horn,CC BY
107090-1-1-0.wav,107090,29.715744,30.54502,2,8,1,car_horn,CC BY
111671-8-0-0.wav,111671,1.197766,5.197766,1,5,8,siren,CC BY
111671-8-0-1.wav,111671,1.697766,5.697766,1,5,8,siren,CC BY
111671-8-0-10.wav,111671,6.197766,10.197766,1,5,8,siren,CC BY
111671-8-0-11.wav,111671,6.697766,10.697766,1,5,8,siren,CC BY
111671-8-0-12.wav,111671,7.197766,11.197766,1,5,8,siren,CC BY
111671-8-0-13.wav,111671,7.697766,11.697766,1,5,8,siren,CC BY
111671-8-0-14.wav,111671,8.197766,12.197766,1,5,8,siren,CC BY
111671-8-0-15.wav,111671,8.697766,12.697766,1,5,8,siren,CC BY
111671-8-0-16.wav,111671,9.197766,13.197766,1,5,8,siren,CC BY
111671-8-0-17.wav,111671,9.697766,13.697766,1,5,8,siren,CC BY
111671-8-0-18.wav,111671,10.197766,14.197766,1,5,8,siren,CC BY
111671-8-0-19.wav,111671,10.697766,14.697766,1,5,8,siren,CC BY
111671-8-0-2.wav,111671,2.197766,6.197766,1,5,8,siren,CC BY
111671-8-0-20.wav,111671,11.197766,15.197766,1,5,8,siren,CC BY
111671-8-0-21.wav,111671,11.697766,15.697766,1,5,8,siren,CC BY
111671-8-0-22.wav,111671,12.197766,16.197766,1,5,8,siren,CC BY
111671-8-0-3.wav,111671,2.697766,6.697766,1,5,8,siren,CC BY
111671-8-0-4.wav,111671,3.197766,7.197766,1,5,8,siren,CC BY
111671-8-0-5.wav,111671,3.697766,7.697766,1,5,8,siren,CC BY
111671-8-0-6.wav,111671,4.197766,8.197766,1,5,8,siren,CC BY
111671-8-0-7.wav,111671,4.697766,8.697766,1,5,8,siren,CC BY
111671-8-0-8.wav,111671,5.197766,9.197766,1,5,8,siren,CC BY
111671-8-0-9.wav,111671,5.697766,9.697766,1,5,8,siren,CC BY
117181-8-0-0.wav,117181,0.0,4.0,1,8,8,siren,CC0
117181-8-0-1.wav,117181,0.5,4.5,1,8,8,siren,CC0
117181-8-0-10.wav,117181,5.0,9.0,1,8,8,siren,CC0
117181-8-0-11.wav,117181,5.5,9.5,1,8,8,siren,CC0
117181-8-0-12.wav,117181,6.0,10.0,1,8,8,siren,CC0
117181-8-0-2.wav,117181,1.0,5.0,1,8,8,siren,CC0
117181-8-0-3.wav,117181,1.5,5.5,1,8,8,siren,CC0
117181-8-0-4.wav,117181,2.0,6.0,1,8,8,siren,CC0
117181-8-0-5.wav,117181,2.5,6.5,1,8,8,siren,CC0
117181-8-0-6.wav,117181,3.0,7.0,1,8,8,siren,CC0
117181-8-0-7.wav,117181,3.5,7.5,1,8,8,siren,CC0
117181-8-0-8.wav,117181,4.0,8.0,1,8,8,siren,CC0
117181-8-0-9.wav,117181,4.5,8.5,1,8,8,siren,CC0
118070-1-0-0.wav,118070,0.392887,0.617964,1,3,1,car_horn,CC0
118279-8-0-0.wav,118279,0.0,4.0,2,1,8,siren,CC BY
118279-8-0-1.wav,118279,0.5,4.5,2,1,8,siren,CC BY
118279-8-0-10.wav,118279,5.0,9.0,2,1,8,siren,CC BY
118279-8-0-11.wav,118279,5.5,9.5,2,1,8,siren,CC BY
118279-8-0-12.wav,118279,6.0,10.0,2,1,8,siren,CC BY
118279-8-0-13.wav,118279,6.5,10.5,2,1,8,siren,CC BY
118279-8-0-14.wav,118279,7.0,11.0,2,1,8,siren,CC BY
118279-8-0-2.wav,118279,1.0,5.0,2,1,8,siren,CC BY
118279-8-0-3.wav,118279,1.5,5.5,2,1,8,siren,CC BY
118279-8-0-4.wav,118279,2.0,6.0,2,1,8,siren,CC BY
118279-8-0-5.wav,118279,2.5,6.5,2,1,8,siren,CC BY
118279-8-0-6.wav,118279,3.0,7.0,2,1,8,siren,CC BY
118279-8-0-7.wav,118279,3.5,7.5,2,1,8,siren,CC BY
118279-8-0-8.wav,118279,4.0,8.0,2,1,8,siren,CC BY
118279-8-0-9.wav,118279,4.5,8.5,2,1,8,siren,CC BY
121528-8-1-0.wav,121528,24.030115,28.030115,2,3,8,siren,CC0
121528-8-1-1.wav,121528,24.530115,28.530115,2,3,8,siren,CC0
123688-8-0-0.wav,123688,14.175572,18.175572000000003,2,2,8,siren,CC BY
123688-8-0-1.wav,123688,14.675572,18.675572000000003,2,2,8,siren,CC BY
123688-8-0-10.wav,123688,19.175572000000003,23.175572000000003,2,2,8,siren,CC BY
123688-8-0-11.wav,123688,19.675572000000003,23.675572000000003,2,2,8,siren,CC BY
123688-8-0-12.wav,123688,20.175572000000003,24.175572000000003,2,2,8,siren,CC BY
123688-8-0-13.wav,123688,20.675572000000003,24.675572000000003,2,2,8,siren,CC BY
123688-8-0-14.wav,123688,21.175572000000003,25.175572000000003,2,2,8,siren,CC BY
123688-8-0-15.wav,123688,21.675572000000003,25.675572000000003,2,2,8,siren,CC BY
123688-8-0-16.wav,123688,22.175572000000003,26.175572000000003,2,2,8,siren,CC BY
123688-8-0-17.wav,123688,22.675572000000003,26.675572000000003,2,2,8,siren,CC BY
123688-8-0-18.wav,123688,23.175572000000003,27.175572000000003,2,2,8,siren,CC BY
123688-8-0-2.wav,123688,15.175572,19.175572000000003,2,2,8,siren,CC BY
123688-8-0-3.wav,123688,15.675572,19.675572000000003,2,2,8,siren,CC BY
123688-8-0-4.wav,123688,16.175572000000003,20.175572000000003,2,2,8,siren,CC BY
123688-8-0-5.wav,123688,16.675572000000003,20.675572000000003,2,2,8,siren,CC BY
123688-8-0-6.wav,123688,17.175572000000003,21.175572000000003,2,2,8,siren,CC BY
123688-8-0-7.wav,123688,17.675572000000003,21.675572000000003,2,2,8,siren,CC BY
123688-8-0-8.wav,123688,18.175572000000003,22.175572000000003,2,2,8,siren,CC BY
123688-8-0-9.wav,123688,18.675572000000003,22.675572000000003,2,2,8,siren,CC BY
123688-8-1-0.wav,123688,56.044659,60.044659,1,2,8,siren,CC BY
123688-8-1-1.wav,123688,56.544659,60.544659,1,2,8,siren,CC BY
123688-8-1-2.wav,123688,57.044659,61.044659,1,2,8,siren,CC BY
123688-8-1-3.wav,123688,57.544659,61.544659,1,2,8,siren,CC BY
123688-8-1-4.wav,123688,58.044659,62.044659,1,2,8,siren,CC BY
123688-8-1-5.wav,123688,58.544659,62.544659,1,2,8,siren,CC BY
123688-8-2-0.wav,123688,71.53549,75.53549,2,2,8,siren,CC BY
123688-8-2-1.wav,123688,72.03549,76.03549,2,2,8,siren,CC BY
123688-8-2-2.wav,123688,72.53549,76.53549,2,2,8,siren,CC BY
123688-8-2-3.wav,123688,73.03549,77.03549,2,2,8,siren,CC BY
123688-8-2-4.wav,123688,73.53549,77.53549,2,2,8,siren,CC BY
124389-8-1-0.wav,124389,195.913986,199.913986,2,6,8,siren,CC0
124389-8-1-1.wav,124389,196.413986,200.413986,2,6,8,siren,CC0
124389-8-1-10.wav,124389,200.913986,204.913986,2,6,8,siren,CC0
124389-8-1-11.wav,124389,201.413986,205.413986,2,6,8,siren,CC0
124389-8-1-12.wav,124389,201.913986,205.913986,2,6,8,siren,CC0
124389-8-1-13.wav,124389,202.413986,206.413986,2,6,8,siren,CC0
124389-8-1-14.wav,124389,202.913986,206.913986,2,6,8,siren,CC0
124389-8-1-15.wav,124389,203.413986,207.413986,2,6,8,siren,CC0
124389-8-1-16.wav,124389,203.913986,207.913986,2,6,8,siren,CC0
124389-8-1-17.wav,124389,204.413986,208.413986,2,6,8,siren,CC0
124389-8-1-18.wav,124389,204.913986,208.913986,2,6,8,siren,CC0
124389-8-1-2.wav,124389,196.913986,200.913986,2,6,8,siren,CC0
124389-8-1-3.wav,124389,197.413986,201.413986,2,6,8,siren,CC0
124389-8-1-4.wav,124389,197.913986,201.913986,2,6,8,siren,CC0
124389-8-1-5.wav,124389,198.413986,202.413986,2,6,8,siren,CC0
124389-8-1-6.wav,124389,198.913986,202.913986,2,6,8,siren,CC0
124389-8-1-7.wav,124389,199.413986,203.413986,2,6,8,siren,CC0
124389-8-1-8.wav,124389,199.913986,203.913986,2,6,8,siren,CC0
124389-8-1-9.wav,124389,200.413986,204.413986,2,6,8,siren,CC0
125520-1-0-0.wav,125520,0.175344,1.03822,1,8,1,car_horn,CC0
125520-1-1-0.wav,125520,1.87341,4.051365,1,8,1,car_horn,CC0
125520-1-2-0.wav,125520,4.572783,5.440273,1,8,1,car_horn,CC0
125520-1-3-0.wav,125520,5.841718,6.709209,1,8,1,car_horn,CC0
125520-1-4-0.wav,125520,7.318298,7.885858,1,8,1,car_horn,CC0
128465-1-0-0.wav,128465,7.177949,11.177949,2,6,1,car_horn,CC BY
128465-1-0-1.wav,128465,7.677949,11.677949,2,6,1,car_horn,CC BY
128465-1-0-2.wav,128465,8.177949,12.177949,2,6,1,car_horn,CC BY
128465-1-0-3.wav,128465,8.677949,12.677949,2,6,1,car_horn,CC BY
128465-1-0-4.wav,128465,9.177949,13.177949,2,6,1,car_horn,CC BY
128465-1-0-5.wav,128465,9.677949,13.677949,2,6,1,car_horn,CC BY
128465-1-0-6.wav,128465,10.177949,14.177949,2,6,1,car_horn,CC BY
128465-1-0-7.wav,128465,10.677949,14.677949,2,6,1,car_horn,CC BY
128465-1-0-8.wav,128465,11.177949,15.177949,2,6,1,car_horn,CC BY
132073-1-0-0.wav,132073,0.940782,2.404221,2,2,1,car_horn,CC0
132073-1-1-0.wav,132073,2.979144,4.128989,2,2,1,car_horn,CC0
132073-1-2-0.wav,132073,4.41645,4.78231,2,2,1,car_horn,CC0
132073-1-3-0.wav,132073,5.80149,7.787586,2,2,1,car_horn,CC0
132073-1-4-0.wav,132073,8.310243,9.094228,2,2,1,car_horn,CC0
132073-1-5-0.wav,132073,10.871261,12.230169,2,2,1,car_horn,CC0
132073-1-6-0.wav,132073,35.409997,35.775857,2,2,1,car_horn,CC0
133473-8-0-0.wav,133473,0.0,4.0,2,8,8,siren,CC0
133473-8-0-1.wav,133473,0.5,4.5,2,8,8,siren,CC0
133473-8-0-2.wav,133473,1.0,5.0,2,8,8,siren,CC0
133473-8-0-3.wav,133473,1.5,5.5,2,8,8,siren,CC0
133473-8-0-4.wav,133473,2.0,6.0,2,8,8,siren,CC0
133473-8-0-5.wav,133473,2.5,6.5,2,8,8,siren,CC0
135160-8-0-0.wav,135160,123.307227,127.307227,2,6,8,siren,CC0
135160-8-0-1.wav,135160,123.807227,127.807227,2,6,8,siren,CC0
135160-8-0-10.wav,135160,128.307227,132.307227,2,6,8,siren,CC0
135160-8-0-11.wav,135160,128.807227,132.807227,2,6,8,siren,CC0
135160-8-0-2.wav,135160,124.307227,128.307227,2,6,8,siren,CC0
135160-8-0-3.wav,135160,124.807227,128.807227,2,6,8,siren,CC0
135160-8-0-4.wav,135160,125.307227,129.307227,2,6,8,siren,CC0
135160-8-0-5.wav,135160,125.807227,129.807227,2,6,8,siren,CC0
135160-8-0-6.wav,135160,126.307227,130.307227,2,6,8,siren,CC0
135160-8-0-7.wav,135160,126.807227,130.807227,2,6,8,siren,CC0
135160-8-0-8.wav,135160,127.307227,131.307227,2,6,8,siren,CC0
135160-8-0-9.wav,135160,127.807227,131.807227,2,6,8,siren,CC0
138465-1-0-0.wav,138465,19.212259,22.962543,2,8,1,car_horn,CC BY
138468-1-0-0.wav,138468,0.289342,3.890508,2,9,1,car_horn,CC BY
143115-1-0-0.wav,143115,26.862734,27.466391,2,6,1,car_horn,CC0
143115-1-1-0.wav,143115,31.490771,32.698085,2,6,1,car_horn,CC0
143115-1-2-0.wav,143115,39.187397,40.394711,2,6,1,car_horn,CC0
143115-1-3-0.wav,143115,40.69654,41.149282,2,6,1,car_horn,CC0
143115-1-4-0.wav,143115,58.001372,58.353505,2,6,1,car_horn,CC0
14524-1-0-0.wav,14524,45.748852,46.598538,2,7,1,car_horn,CC0
145577-1-0-0.wav,145577,0.0,1.105569,1,2,1,car_horn,CC BY
148632-8-0-0.wav,148632,129.795722,133.795722,2,8,8,siren,CC0
148632-8-0-1.wav,148632,130.295722,134.295722,2,8,8,siren,CC0
148632-8-0-10.wav,148632,134.795722,138.795722,2,8,8,siren,CC0
148632-8-0-11.wav,148632,135.295722,139.295722,2,8,8,siren,CC0
148632-8-0-12.wav,148632,135.795722,139.795722,2,8,8,siren,CC0
148632-8-0-13.wav,148632,136.295722,140.295722,2,8,8,siren,CC0
148632-8-0-14.wav,148632,136.795722,140.795722,2,8,8,siren,CC0
148632-8-0-15.wav,148632,137.295722,141.295722,2,8,8,siren,CC0
148632-8-0-16.wav,148632,137.795722,141.795722,2,8,8,siren,CC0
148632-8-0-17.wav,148632,138.295722,142.295722,2,8,8,siren,CC0
148632-8-0-18.wav,148632,138.795722,142.795722,2,8,8,siren,CC0
148632-8-0-2.wav,148632,130.795722,134.795722,2,8,8,siren,CC0
148632-8-0-3.wav,148632,131.295722,135.295722,2,8,8,siren,CC0
148632-8-0-4.wav,148632,131.795722,135.795722,2,8,8,siren,CC0
148632-8-0-5.wav,148632,132.295722,136.295722,2,8,8,siren,CC0
148632-8-0-6.wav,148632,132.795722,136.795722,2,8,8,siren,CC0
148632-8-0-7.wav,148632,133.295722,137.295722,2,8,8,siren,CC0
148632-8-0-8.wav,148632,133.795722,137.795722,2,8,8,siren,CC0
148632-8-0-9.wav,148632,134.295722,138.295722,2,8,8,siren,CC0
151359-1-0-0.wav,151359,5.038068,5.180168,1,3,1,car_horn,CC0
151359-1-1-0.wav,151359,9.100818,9.255836,1,3,1,car_horn,CC0
151359-1-2-0.wav,151359,11.322735,11.419621,1,3,1,car_horn,CC0
151359-1-3-0.wav,151359,13.777179,13.886983,1,3,1,car_horn,CC0
153057-1-0-0.wav,153057,0.284091,1.383136,1,7,1,car_horn,CC BY
155129-1-0-0.wav,155129,13.299687,13.403296,1,2,1,car_horn,CC BY
155129-1-1-0.wav,155129,13.702351,13.86012,1,2,1,car_horn,CC BY
155129-1-2-0.wav,155129,296.18928,298.389901,2,2,1,car_horn,CC BY
155130-1-0-0.wav,155130,38.257548,38.430375,1,9,1,car_horn,CC BY
155130-1-1-0.wav,155130,71.566281,72.244063,1,9,1,car_horn,CC BY
155234-1-0-0.wav,155234,101.719854,103.833373,2,2,1,car_horn,CC BY
155283-1-0-0.wav,155283,95.455122,96.061195,2,8,1,car_horn,CC BY
155283-1-1-0.wav,155283,401.371559,402.010695,2,8,1,car_horn,CC BY
156091-1-0-0.wav,156091,1.175595,2.9223,2,7,1,car_horn,CC0
156194-1-0-0.wav,156194,0.0,0.252086,2,1,1,car_horn,CC0
156868-8-0-0.wav,156868,0.29819,1.043666,1,4,8,siren,CC0
156868-8-1-0.wav,156868,2.094109,3.022564,1,4,8,siren,CC0
156868-8-2-0.wav,156868,3.395302,3.99846,1,4,8,siren,CC0
156868-8-3-0.wav,156868,4.994686,5.58429,1,4,8,siren,CC0
156868-8-4-0.wav,156868,6.905814,7.502195,1,4,8,siren,CC0
156869-8-0-0.wav,156869,4.650289,8.650289,1,5,8,siren,CC0
156869-8-0-1.wav,156869,5.150289,9.150289,1,5,8,siren,CC0
156869-8-0-10.wav,156869,9.650289,13.650289,1,5,8,siren,CC0
156869-8-0-11.wav,156869,10.150289,14.150289,1,5,8,siren,CC0
156869-8-0-2.wav,156869,5.650289,9.650289,1,5,8,siren,CC0
156869-8-0-3.wav,156869,6.150289,10.150289,1,5,8,siren,CC0
156869-8-0-4.wav,156869,6.650289,10.650289,1,5,8,siren,CC0
156869-8-0-5.wav,156869,7.150289,11.150289,1,5,8,siren,CC0
156869-8-0-6.wav,156869,7.650289,11.650289,1,5,8,siren,CC0
156869-8-0-7.wav,156869,8.150289,12.150289,1,5,8,siren,CC0
156869-8-0-8.wav,156869,8.650289,12.650289,1,5,8,siren,CC0
156869-8-0-9.wav,156869,9.150289,13.150289,1,5,8,siren,CC0
157648-8-0-0.wav,157648,18.799126,22.799126,2,5,8,siren,CC BY
157866-8-0-0.wav,157866,0.0,4.0,1,9,8,siren,CC0
157866-8-0-1.wav,157866,0.5,4.5,1,9,8,siren,CC0
157866-8-0-10.wav,157866,5.0,9.0,1,9,8,siren,CC0
157866-8-0-11.wav,157866,5.5,9.5,1,9,8,siren,CC0
157866-8-0-12.wav,157866,6.0,10.0,1,9,8,siren,CC0
157866-8-0-13.wav,157866,6.5,10.5,1,9,8,siren,CC0
157866-8-0-14.wav,157866,7.0,11.0,1,9,8,siren,CC0
157866-8-0-15.wav,157866,7.5,11.5,1,9,8,siren,CC0
157866-8-0-16.wav,157866,8.0,12.0,1,9,8,siren,CC0
157866-8-0-17.wav,157866,8.5,12.5,1,9,8,siren,CC0
157866-8-0-18.wav,157866,9.0,13.0,1,9,8,siren,CC0
157866-8-0-19.wav,157866,9.5,13.5,1,9,8,siren,CC0
157866-8-0-2.wav,157866,1.0,5.0,1,9,8,siren,CC0
157866-8-0-20.wav,157866,10.0,14.0,1,9,8,siren,CC0
157866-8-0-21.wav,157866,10.5,14.5,1,9,8,siren,CC0
157866-8-0-22.wav,157866,11.0,15.0,1,9,8,siren,CC0
157866-8-0-23.wav,157866,11.5,15.5,1,9,8,siren,CC0
157866-8-0-24.wav,157866,12.0,16.0,1,9,8,siren,CC0
157866-8-0-25.wav,157866,12.5,16.5,1,9,8,siren,CC0
157866-8-0-26.wav,157866,13.0,17.0,1,9,8,siren,CC0
157866-8-0-27.wav,157866,13.5,17.5,1,9,8,siren,CC0
157866-8-0-3.wav,157866,1.5,5.5,1,9,8,siren,CC0
157866-8-0-4.wav,157866,2.0,6.0,1,9,8,siren,CC0
157866-8-0-5.wav,157866,2.5,6.5,1,9,8,siren,CC0
157866-8-0-6.wav,157866,3.0,7.0,1,9,8,siren,CC0
157866-8-0-7.wav,157866,3.5,7.5,1,9,8,siren,CC0
157866-8-0-8.wav,157866,4.0,8.0,1,9,8,siren,CC0
157866-8-0-9.wav,157866,4.5,8.5,1,9,8,siren,CC0
157867-8-0-0.wav,157867,0.0,4.0,1,1,8,siren,CC0
157867-8-0-1.wav,157867,0.5,4.5,1,1,8,siren,CC0
157867-8-0-10.wav,157867,5.0,9.0,1,1,8,siren,CC0
157867-8-0-11.wav,157867,5.5,9.5,1,1,8,siren,CC0
157867-8-0-12.wav,157867,6.0,10.0,1,1,8,siren,CC0
157867-8-0-13.wav,157867,6.5,10.5,1,1,8,siren,CC0
157867-8-0-14.wav,157867,7.0,11.0,1,1,8,siren,CC0
157867-8-0-15.wav,157867,7.5,11.5,1,1,8,siren,CC0
157867-8-0-16.wav,157867,8.0,12.0,1,1,8,siren,CC0
157867-8-0-17.wav,157867,8.5,12.5,1,1,8,siren,CC0
157867-8-0-18.wav,157867,9.0,13.0,1,1,8,siren,CC0
157867-8-0-19.wav,157867,9.5,13.5,1,1,8,siren,CC0
157867-8-0-2.wav,157867,1.0,5.0,1,1,8,siren,CC0
157867-8-0-20.wav,157867,10.0,14.0,1,1,8,siren,CC0
157867-8-0-21.wav,157867,10.5,14.5,1,1,8,siren,CC0
157867-8-0-22.wav,157867,11.0,15.0,1,1,8,siren,CC0
157867-8-0-23.wav,157867,11.5,15.5,1,1,8,siren,CC0
157867-8-0-24.wav,157867,12.0,16.0,1,1,8,siren,CC0
157867-8-0-25.wav,157867,12.5,16.5,1,1,8,siren,CC0
157867-8-0-26.wav,157867,13.0,17.0,1,1,8,siren,CC0
157867-8-0-27.wav,157867,13.5,17.5,1,1,8,siren,CC0
157867-8-0-28.wav,157867,14.0,18.0,1,1,8,siren,CC0
157867-8-0-3.wav,157867,1.5,5.5,1,1,8,siren,CC0
157867-8-0-4.wav,157867,2.0,6.0,1,1,8,siren,CC0
157867-8-0-5.wav,157867,2.5,6.5,1,1,8,siren,CC0
157867-8-0-6.wav,157867,3.0,7.0,1,1,8,siren,CC0
157867-8-0-7.wav,157867,3.5,7.5,1,1,8,siren,CC0
157867-8-0-8.wav,157867,4.0,8.0,1,1,8,siren,CC0
157867-8-0-9.wav,157867,4.5,8.5,1,1,8,siren,CC0
157868-8-0-0.wav,157868,0.0,4.0,1,8,8,siren,CC0
157868-8-0-1.wav,157868,0.5,4.5,1,8,8,siren,CC0
157868-8-0-10.wav,157868,5.0,9.0,1,8,8,siren,CC0
157868-8-0-11.wav,157868,5.5,9.5,1,8,8,siren,CC0
157868-8-0-12.wav,157868,6.0,10.0,1,8,8,siren,CC0
157868-8-0-13.wav,157868,6.5,10.5,1,8,8,siren,CC0
157868-8-0-14.wav,157868,7.0,11.0,1,8,8,siren,CC0
157868-8-0-15.wav,157868,7.5,11.5,1,8,8,siren,CC0
157868-8-0-16.wav,157868,8.0,12.0,1,8,8,siren,CC0
157868-8-0-17.wav,157868,8.5,12.5,1,8,8,siren,CC0
157868-8-0-18.wav,157868,9.0,13.0,1,8,8,siren,CC0
157868-8-0-19.wav,157868,9.5,13.5,1,8,8,siren,CC0
157868-8-0-2.wav,157868,1.0,5.0,1,8,8,siren,CC0
157868-8-0-20.wav,157868,10.0,14.0,1,8,8,siren,CC0
157868-8-0-21.wav,157868,10.5,14.5,1,8,8,siren,CC0
157868-8-0-22.wav,157868,11.0,15.0,1,8,8,siren,CC0
157868-8-0-23.wav,157868,11.5,15.5,1,8,8,siren,CC0
157868-8-0-24.wav,157868,12.0,16.0,1,8,8,siren,CC0
157868-8-0-25.wav,157868,12.5,16.5,1,8,8,siren,CC0
157868-8-0-26.wav,157868,13.0,17.0,1,8,8,siren,CC0
157868-8-0-27.wav,157868,13.5,17.5,1,8,8,siren,CC0
157868-8-0-3.wav,157868,1.5,5.5,1,8,8,siren,CC0
157868-8-0-4.wav,157868,2.0,6.0,1,8,8,siren,CC0
157868-8-0-5.wav,157868,2.5,6.5,1,8,8,siren,CC0
157868-8-0-6.wav,157868,3.0,7.0,1,8,8,siren,CC0
157868-8-0-7.wav,157868,3.5,7.5,1,8,8,siren,CC0
157868-8-0-8.wav,157868,4.0,8.0,1,8,8,siren,CC0
157868-8-0-9.wav,157868,4.5,8.5,1,8,8,siren,CC0
158608-8-0-0.wav,158608,7.309707,11.309707,2,4,8,siren,CC BY
158608-8-0-1.wav,158608,7.809707,11.809707,2,4,8,siren,CC BY
158608-8-0-10.wav,158608,12.309707,16.309707,2,4,8,siren,CC BY
158608-8-0-2.wav,158608,8.309707,12.309707,2,4,8,siren,CC BY
158608-8-0-3.wav,158608,8.809707,12.809707,2,4,8,siren,CC BY
158608-8-0-4.wav,158608,9.309707,13.309707,2,4,8,siren,CC BY
158608-8-0-5.wav,158608,9.809707,13.809707,2,4,8,siren,CC BY
158608-8-0-6.wav,158608,10.309707,14.309707,2,4,8,siren,CC BY
158608-8-0-7.wav,158608,10.809707,14.809707,2,4,8,siren,CC BY
158608-8-0-8.wav,158608,11.309707,15.309707,2,4,8,siren,CC BY
158608-8-0-9.wav,158608,11.809707,15.809707,2,4,8,siren,CC BY
159738-8-0-0.wav,159738,0.746987,4.746987,2,1,8,siren,CC0
159738-8-0-1.wav,159738,1.2469869999999998,5.246987,2,1,8,siren,CC0
159738-8-0-10.wav,159738,5.746987,9.746987,2,1,8,siren,CC0
159738-8-0-11.wav,159738,6.246987,10.246987,2,1,8,siren,CC0
159738-8-0-12.wav,159738,6.746987,10.746987,2,1,8,siren,CC0
159738-8-0-13.wav,159738,7.246987,11.246987,2,1,8,siren,CC0
159738-8-0-14.wav,159738,7.746987,11.746987,2,1,8,siren,CC0
159738-8-0-15.wav,159738,8.246987,12.246987,2,1,8,siren,CC0
159738-8-0-16.wav,159738,8.746987,12.746987,2,1,8,siren,CC0
159738-8-0-17.wav,159738,9.246987,13.246987,2,1,8,siren,CC0
159738-8-0-18.wav,159738,9.746987,13.746987,2,1,8,siren,CC0
159738-8-0-19.wav,159738,10.246987,14.246987,2,1,8,siren,CC0
159738-8-0-2.wav,159738,1.7469869999999998,5.746987,2,1,8,siren,CC0
159738-8-0-3.wav,159738,2.246987,6.246987,2,1,8,siren,CC0
159738-8-0-4.wav,159738,2.746987,6.746987,2,1,8,siren,CC0
159738-8-0-5.wav,159738,3.246987,7.246987,2,1,8,siren,CC0
159738-8-0-6.wav,159738,3.746987,7.746987,2,1,8,siren,CC0
159738-8-0-7.wav,159738,4.246987,8.246987,2,1,8,siren,CC0
159738-8-0-8.wav,159738,4.746987,8.746987,2,1,8,siren,CC0
159738-8-0-9.wav,159738,5.246987,9.246987,2,1,8,siren,CC0
159742-8-0-0.wav,159742,0.129945,4.129945,2,10,8,siren,CC0
159742-8-0-1.wav,159742,0.629945,4.629945,2,10,8,siren,CC0
159742-8-0-10.wav,159742,5.129945,9.129945,2,10,8,siren,CC0
159742-8-0-11.wav,159742,5.629945,9.629945,2,10,8,siren,CC0
159742-8-0-12.wav,159742,6.129945,10.129945,2,10,8,siren,CC0
159742-8-0-13.wav,159742,6.629945,10.629945,2,10,8,siren,CC0
159742-8-0-14.wav,159742,7.129945,11.129945,2,10,8,siren,CC0
159742-8-0-2.wav,159742,1.129945,5.129945,2,10,8,siren,CC0
159742-8-0-3.wav,159742,1.629945,5.629945,2,10,8,siren,CC0
159742-8-0-4.wav,159742,2.129945,6.129945,2,10,8,siren,CC0
159742-8-0-5.wav,159742,2.629945,6.629945,2,10,8,siren,CC0
159742-8-0-6.wav,159742,3.129945,7.129945,2,10,8,siren,CC0
159742-8-0-7.wav,159742,3.629945,7.629945,2,10,8,siren,CC0
159742-8-0-8.wav,159742,4.129945,8.129945,2,10,8,siren,CC0
159742-8-0-9.wav,159742,4.629945,8.629945,2,10,8,siren,CC0
159743-8-0-0.wav,159743,1.313835,5.313835,1,2,8,siren,CC0
159744-8-0-0.wav,159744,0.0,4.0,2,9,8,siren,CC0
159744-8-0-1.wav,159744,0.5,4.5,2,9,8,siren,CC0
159744-8-0-10.wav,159744,5.0,9.0,2,9,8,siren,CC0
159744-8-0-11.wav,159744,5.5,9.5,2,9,8,siren,CC0
159744-8-0-12.wav,159744,6.0,10.0,2,9,8,siren,CC0
159744-8-0-13.wav,159744,6.5,10.5,2,9,8,siren,CC0
159744-8-0-2.wav,159744,1.0,5.0,2,9,8,siren,CC0
159744-8-0-3.wav,159744,1.5,5.5,2,9,8,siren,CC0
159744-8-0-4.wav,159744,2.0,6.0,2,9,8,siren,CC0
159744-8-0-5.wav,159744,2.5,6.5,2,9,8,siren,CC0
159744-8-0-6.wav,159744,3.0,7.0,2,9,8,siren,CC0
159744-8-0-7.wav,159744,3.5,7.5,2,9,8,siren,CC0
159744-8-0-8.wav,159744,4.0,8.0,2,9,8,siren,CC0
159744-8-0-9.wav,159744,4.5,8.5,2,9,8,siren,CC0
159745-8-0-0.wav,159745,0.291412,1.699906,1,9,8,siren,CC0
159745-8-1-0.wav,159745,1.699906,5.699906,2,9,8,siren,CC0
159745-8-1-1.wav,159745,2.199906,6.199906,2,9,8,siren,CC0
159745-8-1-2.wav,159745,2.699906,6.699906,2,9,8,siren,CC0
159745-8-1-3.wav,159745,3.199906,7.199906,2,9,8,siren,CC0
159745-8-1-4.wav,159745,3.699906,7.699906,2,9,8,siren,CC0
159745-8-1-5.wav,159745,4.199906,8.199906,2,9,8,siren,CC0
159745-8-1-6.wav,159745,4.699906,8.699906,2,9,8,siren,CC0
159745-8-1-7.wav,159745,5.199906,9.199906,2,9,8,siren,CC0
159747-8-0-0.wav,159747,2.283772,6.283772,2,2,8,siren,CC0
159747-8-0-1.wav,159747,2.783772,6.783772,2,2,8,siren,CC0
159747-8-0-10.wav,159747,7.283772,11.283772,2,2,8,siren,CC0
159747-8-0-11.wav,159747,7.783772,11.783772,2,2,8,siren,CC0
159747-8-0-12.wav,159747,8.283771999999999,12.283772,2,2,8,siren,CC0
159747-8-0-13.wav,159747,8.783771999999999,12.783772,2,2,8,siren,CC0
159747-8-0-14.wav,159747,9.283772,13.283772,2,2,8,siren,CC0
159747-8-0-15.wav,159747,9.783772,13.783772,2,2,8,siren,CC0
159747-8-0-16.wav,159747,10.283772,14.283772,2,2,8,siren,CC0
159747-8-0-17.wav,159747,10.783772,14.783772,2,2,8,siren,CC0
159747-8-0-18.wav,159747,11.283772,15.283772,2,2,8,siren,CC0
159747-8-0-19.wav,159747,11.783772,15.783772,2,2,8,siren,CC0
159747-8-0-2.wav,159747,3.283772,7.283772,2,2,8,siren,CC0
159747-8-0-20.wav,159747,12.283772,16.283772,2,2,8,siren,CC0
159747-8-0-21.wav,159747,12.783772,16.783772,2,2,8,siren,CC0
159747-8-0-3.wav,159747,3.783772,7.783772,2,2,8,siren,CC0
159747-8-0-4.wav,159747,4.283772,8.283771999999999,2,2,8,siren,CC0
159747-8-0-5.wav,159747,4.783772,8.783771999999999,2,2,8,siren,CC0
159747-8-0-6.wav,159747,5.283772,9.283772,2,2,8,siren,CC0
159747-8-0-7.wav,159747,5.783772,9.783772,2,2,8,siren,CC0
159747-8-0-8.wav,159747,6.283772,10.283772,2,2,8,siren,CC0
159747-8-0-9.wav,159747,6.783772,10.783772,2,2,8,siren,CC0
159748-8-0-0.wav,159748,0.0,4.0,1,9,8,siren,CC0
159748-8-0-1.wav,159748,0.5,4.5,1,9,8,siren,CC0
159748-8-0-2.wav,159748,1.0,5.0,1,9,8,siren,CC0
159748-8-0-3.wav,159748,1.5,5.5,1,9,8,siren,CC0
159748-8-0-4.wav,159748,2.0,6.0,1,9,8,siren,CC0
159748-8-0-5.wav,159748,2.5,6.5,1,9,8,siren,CC0
159748-8-0-6.wav,159748,3.0,7.0,1,9,8,siren,CC0
159748-8-0-7.wav,159748,3.5,7.5,1,9,8,siren,CC0
159748-8-0-8.wav,159748,4.0,8.0,1,9,8,siren,CC0
159748-8-0-9.wav,159748,4.5,8.5,1,9,8,siren,CC0
159748-8-1-0.wav,159748,24.303031,25.931375,1,9,8,siren,CC0
159748-8-2-0.wav,159748,30.287195,34.287195,1,9,8,siren,CC0
159748-8-2-1.wav,159748,30.787195,34.787195,1,9,8,siren,CC0
159748-8-2-2.wav,159748,31.287195,35.287195,1,9,8,siren,CC0
159748-8-2-3.wav,159748,31.787195,35.787195,1,9,8,siren,CC0
159748-8-2-4.wav,159748,32.287195,36.287195,1,9,8,siren,CC0
159748-8-2-5.wav,159748,32.787195,36.787195,1,9,8,siren,CC0
159748-8-2-6.wav,159748,33.287195,37.287195,1,9,8,siren,CC0
159748-8-2-7.wav,159748,33.787195,37.787195,1,9,8,siren,CC0
159748-8-2-8.wav,159748,34.287195,38.287195,1,9,8,siren,CC0
159750-8-0-0.wav,159750,0.749887,4.749887,1,2,8,siren,CC0
159750-8-0-1.wav,159750,1.249887,5.249887,1,2,8,siren,CC0
159750-8-0-2.wav,159750,1.749887,5.749887,1,2,8,siren,CC0
159750-8-0-3.wav,159750,2.249887,6.249887,1,2,8,siren,CC0
159750-8-0-4.wav,159750,2.749887,6.749887,1,2,8,siren,CC0
159750-8-0-5.wav,159750,3.249887,7.249887,1,2,8,siren,CC0
159750-8-0-6.wav,159750,3.749887,7.749887,1,2,8,siren,CC0
159750-8-0-7.wav,159750,4.249887,8.249887000000001,1,2,8,siren,CC0
159750-8-0-8.wav,159750,4.749887,8.749887000000001,1,2,8,siren,CC0
159751-8-0-0.wav,159751,1.150495,5.150495,2,4,8,siren,CC0
159751-8-0-1.wav,159751,1.650495,5.650495,2,4,8,siren,CC0
159751-8-0-10.wav,159751,6.150495,10.150495,2,4,8,siren,CC0
159751-8-0-11.wav,159751,6.650495,10.650495,2,4,8,siren,CC0
159751-8-0-12.wav,159751,7.150495,11.150495,2,4,8,siren,CC0
159751-8-0-13.wav,159751,7.650495,11.650495,2,4,8,siren,CC0
159751-8-0-14.wav,159751,8.150495,12.150495,2,4,8,siren,CC0
159751-8-0-15.wav,159751,8.650495,12.650495,2,4,8,siren,CC0
159751-8-0-16.wav,159751,9.150495,13.150495,2,4,8,siren,CC0
159751-8-0-17.wav,159751,9.650495,13.650495,2,4,8,siren,CC0
159751-8-0-18.wav,159751,10.150495,14.150495,2,4,8,siren,CC0
159751-8-0-19.wav,159751,10.650495,14.650495,2,4,8,siren,CC0
159751-8-0-2.wav,159751,2.1504950000000003,6.150495,2,4,8,siren,CC0
159751-8-0-20.wav,159751,11.150495,15.150495,2,4,8,siren,CC0
159751-8-0-21.wav,159751,11.650495,15.650495,2,4,8,siren,CC0
159751-8-0-3.wav,159751,2.6504950000000003,6.650495,2,4,8,siren,CC0
159751-8-0-4.wav,159751,3.1504950000000003,7.150495,2,4,8,siren,CC0
159751-8-0-5.wav,159751,3.650495,7.650495,2,4,8,siren,CC0
159751-8-0-6.wav,159751,4.150495,8.150495,2,4,8,siren,CC0
159751-8-0-7.wav,159751,4.650495,8.650495,2,4,8,siren,CC0
159751-8-0-8.wav,159751,5.150495,9.150495,2,4,8,siren,CC0
159751-8-0-9.wav,159751,5.650495,9.650495,2,4,8,siren,CC0
159752-8-0-0.wav,159752,0.0,4.0,2,4,8,siren,CC0
159752-8-0-1.wav,159752,0.5,4.5,2,4,8,siren,CC0
159752-8-0-10.wav,159752,5.0,9.0,2,4,8,siren,CC0
159752-8-0-11.wav,159752,5.5,9.5,2,4,8,siren,CC0
159752-8-0-12.wav,159752,6.0,10.0,2,4,8,siren,CC0
159752-8-0-2.wav,159752,1.0,5.0,2,4,8,siren,CC0
159752-8-0-3.wav,159752,1.5,5.5,2,4,8,siren,CC0
159752-8-0-4.wav,159752,2.0,6.0,2,4,8,siren,CC0
159752-8-0-5.wav,159752,2.5,6.5,2,4,8,siren,CC0
159752-8-0-6.wav,159752,3.0,7.0,2,4,8,siren,CC0
159752-8-0-7.wav,159752,3.5,7.5,2,4,8,siren,CC0
159752-8-0-8.wav,159752,4.0,8.0,2,4,8,siren,CC0
159752-8-0-9.wav,159752,4.5,8.5,2,4,8,siren,CC0
159752-8-1-0.wav,159752,29.505959,30.471468,2,4,8,siren,CC0
159752-8-2-0.wav,159752,36.303143,40.303143,2,4,8,siren,CC0
159752-8-2-1.wav,159752,36.803143,40.803143,2,4,8,siren,CC0
159752-8-2-2.wav,159752,37.303143,41.303143,2,4,8,siren,CC0
159752-8-2-3.wav,159752,37.803143,41.803143,2,4,8,siren,CC0
159753-8-0-0.wav,159753,0.579589,4.579589,1,4,8,siren,CC0
159753-8-0-1.wav,159753,1.079589,5.079589,1,4,8,siren,CC0
159753-8-0-2.wav,159753,1.579589,5.579589,1,4,8,siren,CC0
159753-8-0-3.wav,159753,2.079589,6.079589,1,4,8,siren,CC0
159753-8-0-4.wav,159753,2.579589,6.579589,1,4,8,siren,CC0
159753-8-0-5.wav,159753,3.079589,7.079589,1,4,8,siren,CC0
159753-8-0-6.wav,159753,3.579589,7.579589,1,4,8,siren,CC0
159754-8-0-0.wav,159754,0.265065,1.34189,1,5,8,siren,CC0
159754-8-1-0.wav,159754,5.616059,6.311854,1,5,8,siren,CC0
159754-8-2-0.wav,159754,9.989627,10.552889,1,5,8,siren,CC0
159754-8-3-0.wav,159754,10.900787,13.915898,1,5,8,siren,CC0
159754-8-4-0.wav,159754,15.357188,19.357188,1,5,8,siren,CC0
159755-8-0-0.wav,159755,2.410271,6.410271,1,9,8,siren,CC0
159755-8-0-1.wav,159755,2.910271,6.910271,1,9,8,siren,CC0
159755-8-0-2.wav,159755,3.410271,7.410271,1,9,8,siren,CC0
159755-8-0-3.wav,159755,3.910271,7.910271,1,9,8,siren,CC0
161010-1-0-0.wav,161010,123.329283,125.091034,2,4,1,car_horn,CC BY
161010-1-1-0.wav,161010,147.124081,148.444179,2,4,1,car_horn,CC BY
161010-1-2-0.wav,161010,148.909412,149.647969,2,4,1,car_horn,CC BY
161010-1-3-0.wav,161010,274.678649,277.041262,2,4,1,car_horn,CC BY
162540-1-0-0.wav,162540,1.25562,1.618235,1,1,1,car_horn,CC0
162540-1-1-0.wav,162540,5.888426,6.202331,1,1,1,car_horn,CC0
162540-1-2-0.wav,162540,10.207327,10.672773,1,1,1,car_horn,CC0
162541-1-0-0.wav,162541,1.271857,1.758951,1,2,1,car_horn,CC0
162541-1-1-0.wav,162541,5.899251,6.34846,1,2,1,car_horn,CC0
162541-1-2-0.wav,162541,10.228976,10.667361,1,2,1,car_horn,CC0
162702-1-0-0.wav,162702,0.0,0.105962,1,6,1,car_horn,CC BY
162702-1-1-0.wav,162702,0.452485,1.298459,2,6,1,car_horn,CC BY
162703-1-0-0.wav,162703,0.432845,1.592012,2,1,1,car_horn,CC BY
162728-1-0-0.wav,162728,2.778806,3.200719,1,7,1,car_horn,CC BY
164053-8-0-0.wav,164053,0.0,4.0,2,1,8,siren,CC0
164053-8-1-0.wav,164053,13.783876,17.783876,2,1,8,siren,CC0
164053-8-2-0.wav,164053,21.660377,25.660377,2,1,8,siren,CC0
164053-8-2-1.wav,164053,22.160377,26.160377,2,1,8,siren,CC0
164053-8-2-2.wav,164053,22.660377,26.660377,2,1,8,siren,CC0
164053-8-2-3.wav,164053,23.160377,27.160377,2,1,8,siren,CC0
164053-8-3-0.wav,164053,49.276156,53.276156,2,1,8,siren,CC0
164625-1-0-0.wav,164625,0.344326,0.817351,1,9,1,car_horn,CC0
164626-1-0-0.wav,164626,0.811901,1.586686,1,8,1,car_horn,CC0
164627-1-0-0.wav,164627,0.306819,1.804998,1,7,1,car_horn,CC0
164782-8-0-0.wav,164782,52.812932,56.812932,2,5,8,siren,CC0
164782-8-0-1.wav,164782,53.312932,57.312932,2,5,8,siren,CC0
164782-8-0-2.wav,164782,53.812932,57.812932,2,5,8,siren,CC0
164782-8-0-3.wav,164782,54.312932,58.312932,2,5,8,siren,CC0
164782-8-0-4.wav,164782,54.812932,58.812932,2,5,8,siren,CC0
164782-8-0-5.wav,164782,55.312932,59.312932,2,5,8,siren,CC0
164782-8-0-6.wav,164782,55.812932,59.812932,2,5,8,siren,CC0
164782-8-0-7.wav,164782,56.312932,60.312932,2,5,8,siren,CC0
165166-8-0-0.wav,165166,0.833454,4.833454,1,10,8,siren,CC0
165166-8-0-1.wav,165166,1.333454,5.333454,1,10,8,siren,CC0
165166-8-0-2.wav,165166,1.833454,5.833454,1,10,8,siren,CC0
165166-8-0-3.wav,165166,2.333454,6.333454,1,10,8,siren,CC0
165166-8-0-4.wav,165166,2.833454,6.833454,1,10,8,siren,CC0
165166-8-0-5.wav,165166,3.333454,7.333454,1,10,8,siren,CC0
165166-8-0-6.wav,165166,3.833454,7.833454,1,10,8,siren,CC0
165166-8-0-7.wav,165166,4.333454,8.333454,1,10,8,siren,CC0
165166-8-0-8.wav,165166,4.833454,8.833454,1,10,8,siren,CC0
16772-8-0-0.wav,16772,0.154754,2.130091,1,9,8,siren,CC BY
170243-1-0-0.wav,170243,0.082809,0.186917,1,7,1,car_horn,CC0
17074-1-0-0.wav,17074,3.540527,4.403714,2,10,1,car_horn,CC BY
17124-1-0-0.wav,17124,0.072751,0.311441,2,10,1,car_horn,CC0
171249-1-0-0.wav,171249,6.670459,7.433059,2,4,1,car_horn,CC0
171249-1-1-0.wav,171249,11.144995,11.723836,2,4,1,car_horn,CC0
171249-1-2-0.wav,171249,13.294977,13.59818,2,4,1,car_horn,CC0
174840-1-0-0.wav,174840,0.89259,3.875029,1,3,1,car_horn,CC BY
174841-1-0-0.wav,174841,1.05814,2.870053,1,4,1,car_horn,CC BY
176631-1-0-0.wav,176631,28.32413,30.302215,2,3,1,car_horn,CC BY
176634-1-0-0.wav,176634,2.441912,2.70793,1,2,1,car_horn,CC BY
176638-1-0-0.wav,176638,4.51208,5.061169,1,1,1,car_horn,CC BY
176638-1-1-0.wav,176638,6.724352,7.520133,1,1,1,car_horn,CC BY
178402-1-0-0.wav,178402,0.122098,2.167244,1,10,1,car_horn,CC0
180156-1-0-0.wav,180156,4.837396,7.194528,2,9,1,car_horn,CC BY
180156-1-1-0.wav,180156,9.639612,11.064445,2,9,1,car_horn,CC BY
180156-1-10-0.wav,180156,28.654977,30.114991,2,9,1,car_horn,CC BY
180156-1-11-0.wav,180156,31.029699,31.645367,2,9,1,car_horn,CC BY
180156-1-12-0.wav,180156,37.221566,37.432653,2,9,1,car_horn,CC BY
180156-1-2-0.wav,180156,11.345893,11.627342,2,9,1,car_horn,CC BY
180156-1-3-0.wav,180156,11.856019,12.454097,2,9,1,car_horn,CC BY
180156-1-4-0.wav,180156,13.386395,14.600142,2,9,1,car_horn,CC BY
180156-1-5-0.wav,180156,15.796298,17.414627,2,9,1,car_horn,CC BY
180156-1-6-0.wav,180156,17.977524,21.882622,2,9,1,car_horn,CC BY
180156-1-7-0.wav,180156,23.747218,23.993486,2,9,1,car_horn,CC BY
180156-1-8-0.wav,180156,25.488681,26.086759,2,9,1,car_horn,CC BY
180156-1-9-0.wav,180156,26.403389,26.755199,2,9,1,car_horn,CC BY
182474-1-0-0.wav,182474,1.26501,2.605597,1,6,1,car_horn,CC0
183894-1-5-0.wav,183894,98.082239,98.955375,2,7,1,car_horn,CC0
183894-1-6-0.wav,183894,102.156872,103.321053,2,7,1,car_horn,CC0
183894-1-7-0.wav,183894,124.494593,127.186761,2,7,1,car_horn,CC0
183894-1-8-0.wav,183894,133.225949,134.317369,2,7,1,car_horn,CC0
183894-1-9-0.wav,183894,135.699834,137.373344,2,7,1,car_horn,CC0
184355-1-0-0.wav,184355,4.08756,4.750408,2,1,1,car_horn,CC BY
184623-8-0-0.wav,184623,0.13472,4.13472,1,3,8,siren,CC0
184623-8-0-1.wav,184623,0.63472,4.63472,1,3,8,siren,CC0
184623-8-0-2.wav,184623,1.13472,5.13472,1,3,8,siren,CC0
184623-8-0-3.wav,184623,1.63472,5.63472,1,3,8,siren,CC0
184623-8-1-0.wav,184623,12.064884,16.064884,2,3,8,siren,CC0
18594-1-0-0.wav,18594,11.503499,11.939286,1,3,1,car_horn,CC BY
18594-1-1-0.wav,18594,12.833291,13.464541,1,3,1,car_horn,CC BY
18594-1-2-0.wav,18594,43.782548,43.982489,2,3,1,car_horn,CC BY
18594-1-3-0.wav,18594,44.50593,44.750801,1,3,1,car_horn,CC BY
18594-1-4-0.wav,18594,45.134957,45.350623,1,3,1,car_horn,CC BY
18594-1-5-0.wav,18594,45.714561,46.033567,1,3,1,car_horn,CC BY
18594-1-6-0.wav,18594,77.175828,77.611488,1,3,1,car_horn,CC BY
187356-1-0-0.wav,187356,20.664779,21.032153,2,4,1,car_horn,CC BY
187356-1-1-0.wav,187356,23.052709,24.338518,2,4,1,car_horn,CC BY
187356-1-2-0.wav,187356,28.471474,32.471474,2,4,1,car_horn,CC BY
187356-1-3-0.wav,187356,37.058838,40.548889,2,4,1,car_horn,CC BY
187356-1-4-0.wav,187356,48.998488,52.998488,2,4,1,car_horn,CC BY
187356-1-5-0.wav,187356,64.42819,67.045729,2,4,1,car_horn,CC BY
187356-1-6-0.wav,187356,79.720127,81.419231,2,4,1,car_horn,CC BY
188004-8-0-0.wav,188004,0.0,4.0,2,6,8,siren,CC BY
188004-8-0-1.wav,188004,0.5,4.5,2,6,8,siren,CC BY
188004-8-0-2.wav,188004,1.0,5.0,2,6,8,siren,CC BY
18933-1-0-0.wav,18933,25.639242,25.944262,2,6,1,car_horn,CC0
19026-1-0-0.wav,19026,0.012822,1.050575,1,1,1,car_horn,CC BY
203913-8-0-0.wav,203913,0.0,4.0,1,5,8,siren,CC0
203913-8-0-1.wav,203913,0.5,4.5,1,5,8,siren,CC0
203913-8-0-10.wav,203913,5.0,9.0,1,5,8,siren,CC0
203913-8-0-11.wav,203913,5.5,9.5,1,5,8,siren,CC0
203913-8-0-12.wav,203913,6.0,10.0,1,5,8,siren,CC0
203913-8-0-2.wav,203913,1.0,5.0,1,5,8,siren,CC0
203913-8-0-3.wav,203913,1.5,5.5,1,5,8,siren,CC0
203913-8-0-4.wav,203913,2.0,6.0,1,5,8,siren,CC0
203913-8-0-5.wav,203913,2.5,6.5,1,5,8,siren,CC0
203913-8-0-6.wav,203913,3.0,7.0,1,5,8,siren,CC0
203913-8-0-7.wav,203913,3.5,7.5,1,5,8,siren,CC0
203913-8-0-8.wav,203913,4.0,8.0,1,5,8,siren,CC0
203913-8-0-9.wav,203913,4.5,8.5,1,5,8,siren,CC0
203913-8-1-0.wav,203913,42.137646,46.137646,2,5,8,siren,CC0
203913-8-1-1.wav,203913,42.637646,46.637646,2,5,8,siren,CC0
203913-8-1-2.wav,203913,43.137646,47.137646,2,5,8,siren,CC0
203913-8-1-3.wav,203913,43.637646,47.637646,2,5,8,siren,CC0
203913-8-1-4.wav,203913,44.137646,48.137646,2,5,8,siren,CC0
203913-8-1-5.wav,203913,44.637646,48.637646,2,5,8,siren,CC0
203956-1-0-0.wav,203956,14.903579,16.239277,1,4,1,car_horn,CC BY
208652-8-0-0.wav,208652,0.0,4.0,2,10,8,siren,CC0
208652-8-2-0.wav,208652,10.163433,11.651236,2,10,8,siren,CC0
208652-8-4-0.wav,208652,16.713631,18.356011,2,10,8,siren,CC0
208652-8-6-0.wav,208652,20.771275,22.297723,2,10,8,siren,CC0
22601-8-0-0.wav,22601,0.0,4.0,2,3,8,siren,CC0
22601-8-0-1.wav,22601,0.5,4.5,2,3,8,siren,CC0
22601-8-0-10.wav,22601,5.0,9.0,2,3,8,siren,CC0
22601-8-0-11.wav,22601,5.5,9.5,2,3,8,siren,CC0
22601-8-0-12.wav,22601,6.0,10.0,2,3,8,siren,CC0
22601-8-0-13.wav,22601,6.5,10.5,2,3,8,siren,CC0
22601-8-0-14.wav,22601,7.0,11.0,2,3,8,siren,CC0
22601-8-0-15.wav,22601,7.5,11.5,2,3,8,siren,CC0
22601-8-0-16.wav,22601,8.0,12.0,2,3,8,siren,CC0
22601-8-0-17.wav,22601,8.5,12.5,2,3,8,siren,CC0
22601-8-0-18.wav,22601,9.0,13.0,2,3,8,siren,CC0
22601-8-0-19.wav,22601,9.5,13.5,2,3,8,siren,CC0
22601-8-0-2.wav,22601,1.0,5.0,2,3,8,siren,CC0
22601-8-0-20.wav,22601,10.0,14.0,2,3,8,siren,CC0
22601-8-0-21.wav,22601,10.5,14.5,2,3,8,siren,CC0
22601-8-0-22.wav,22601,11.0,15.0,2,3,8,siren,CC0
22601-8-0-23.wav,22601,11.5,15.5,2,3,8,siren,CC0
22601-8-0-24.wav,22601,12.0,16.0,2,3,8,siren,CC0
22601-8-0-25.wav,22601,12.5,16.5,2,3,8,siren,CC0
22601-8-0-26.wav,22601,13.0,17.0,2,3,8,siren,CC0
22601-8-0-27.wav,22601,13.5,17.5,2,3,8,siren,CC0
22601-8-0-28.wav,22601,14.0,18.0,2,3,8,siren,CC0
22601-8-0-29.wav,22601,14.5,18.5,2,3,8,siren,CC0
22601-8-0-3.wav,22601,1.5,5.5,2,3,8,siren,CC0
22601-8-0-30.wav,22601,15.0,19.0,2,3,8,siren,CC0
22601-8-0-31.wav,22601,15.5,19.5,2,3,8,siren,CC0
22601-8-0-32.wav,22601,16.0,20.0,2,3,8,siren,CC0
22601-8-0-33.wav,22601,16.5,20.5,2,3,8,siren,CC0
22601-8-0-34.wav,22601,17.0,21.0,2,3,8,siren,CC0
22601-8-0-35.wav,22601,17.5,21.5,2,3,8,siren,CC0
22601-8-0-36.wav,22601,18.0,22.0,2,3,8,siren,CC0
22601-8-0-37.wav,22601,18.5,22.5,2,3,8,siren,CC0
22601-8-0-38.wav,22601,19.0,23.0,2,3,8,siren,CC0
22601-8-0-39.wav,22601,19.5,23.5,2,3,8,siren,CC0
22601-8-0-4.wav,22601,2.0,6.0,2,3,8,siren,CC0
22601-8-0-40.wav,22601,20.0,24.0,2,3,8,siren,CC0
22601-8-0-41.wav,22601,20.5,24.5,2,3,8,siren,CC0
22601-8-0-42.wav,22601,21.0,25.0,2,3,8,siren,CC0
22601-8-0-43.wav,22601,21.5,25.5,2,3,8,siren,CC0
22601-8-0-44.wav,22601,22.0,26.0,2,3,8,siren,CC0
22601-8-0-45.wav,22601,22.5,26.5,2,3,8,siren,CC0
22601-8-0-46.wav,22601,23.0,27.0,2,3,8,siren,CC0
22601-8-0-47.wav,22601,23.5,27.5,2,3,8,siren,CC0
22601-8-0-48.wav,22601,24.0,28.0,2,3,8,siren,CC0
22601-8-0-49.wav,22601,24.5,28.5,2,3,8,siren,CC0
22601-8-0-5.wav,22601,2.5,6.5,2,3,8,siren,CC0
22601-8-0-50.wav,22601,25.0,29.0,2,3,8,siren,CC0
22601-8-0-51.wav,22601,25.5,29.5,2,3,8,siren,CC0
22601-8-0-52.wav,22601,26.0,30.0,2,3,8,siren,CC0
22601-8-0-53.wav,22601,26.5,30.5,2,3,8,siren,CC0
22601-8-0-54.wav,22601,27.0,31.0,2,3,8,siren,CC0
22601-8-0-6.wav,22601,3.0,7.0,2,3,8,siren,CC0
22601-8-0-7.wav,22601,3.5,7.5,2,3,8,siren,CC0
22601-8-0-8.wav,22601,4.0,8.0,2,3,8,siren,CC0
22601-8-0-9.wav,22601,4.5,8.5,2,3,8,siren,CC0
26173-8-0-0.wav,26173,0.0,2.373832,1,10,8,siren,CC BY
26176-1-0-0.wav,26176,0.320622,1.435087,1,8,1,car_horn,CC BY
26177-1-0-0.wav,26177,0.0,0.246102,2,5,1,car_horn,CC BY
26177-1-1-0.wav,26177,0.866278,2.039362,1,5,1,car_horn,CC BY
26177-1-2-0.wav,26177,2.164053,3.670195,2,5,1,car_horn,CC BY
26185-1-0-0.wav,26185,0.007625,0.340057,1,9,1,car_horn,CC BY
26185-1-1-0.wav,26185,0.460526,0.817357,1,9,1,car_horn,CC BY
26186-1-0-0.wav,26186,0.0,0.392109,1,9,1,car_horn,CC BY
27068-1-0-0.wav,27068,26.451322,26.667696,2,9,1,car_horn,CC0
28426-8-0-0.wav,28426,1.227678,4.249656,2,5,8,siren,CC BY
28426-8-1-0.wav,28426,5.382897,8.390346,2,5,8,siren,CC BY
28426-8-2-0.wav,28426,10.765795,14.38345,2,5,8,siren,CC BY
28808-1-0-0.wav,28808,0.0,4.0,1,10,1,car_horn,CC BY
28808-1-0-1.wav,28808,0.5,4.5,1,10,1,car_horn,CC BY
28808-1-0-10.wav,28808,5.0,9.0,1,10,1,car_horn,CC BY
28808-1-0-11.wav,28808,5.5,9.5,1,10,1,car_horn,CC BY
28808-1-0-2.wav,28808,1.0,5.0,1,10,1,car_horn,CC BY
28808-1-0-3.wav,28808,1.5,5.5,1,10,1,car_horn,CC BY
28808-1-0-4.wav,28808,2.0,6.0,1,10,1,car_horn,CC BY
28808-1-0-5.wav,28808,2.5,6.5,1,10,1,car_horn,CC BY
28808-1-0-6.wav,28808,3.0,7.0,1,10,1,car_horn,CC BY
28808-1-0-7.wav,28808,3.5,7.5,1,10,1,car_horn,CC BY
28808-1-0-8.wav,28808,4.0,8.0,1,10,1,car_horn,CC BY
28808-1-0-9.wav,28808,4.5,8.5,1,10,1,car_horn,CC BY
28808-1-1-0.wav,28808,27.28857,31.28857,2,10,1,car_horn,CC BY
28808-1-1-1.wav,28808,27.78857,31.78857,2,10,1,car_horn,CC BY
29932-1-0-0.wav,29932,181.725228,183.563489,2,6,1,car_horn,CC BY
29932-1-1-0.wav,29932,280.466103,281.910451,2,6,1,car_horn,CC BY
30823-8-0-0.wav,30823,7.167619,11.167619,2,1,8,siren,CC0
32417-1-0-0.wav,32417,0.079235,0.424503,1,3,1,car_horn,CC0
34241-1-0-0.wav,34241,0.693691,1.988582,2,7,1,car_horn,CC0
34241-1-1-0.wav,34241,3.653441,5.08707,2,7,1,car_horn,CC0
34241-1-2-0.wav,34241,6.335714,10.081647,1,7,1,car_horn,CC0
40717-8-0-0.wav,40717,0.351355,4.351355,2,2,8,siren,CC BY
40717-8-0-1.wav,40717,0.851355,4.851355,2,2,8,siren,CC BY
40717-8-0-2.wav,40717,1.351355,5.351355,2,2,8,siren,CC BY
40717-8-0-3.wav,40717,1.851355,5.851355,2,2,8,siren,CC BY
40717-8-0-4.wav,40717,2.351355,6.351355,2,2,8,siren,CC BY
40717-8-0-5.wav,40717,2.851355,6.851355,2,2,8,siren,CC BY
40717-8-0-6.wav,40717,3.351355,7.351355,2,2,8,siren,CC BY
40722-8-0-0.wav,40722,0.0,4.0,2,1,8,siren,CC BY
40722-8-0-1.wav,40722,0.5,4.5,2,1,8,siren,CC BY
40722-8-0-2.wav,40722,1.0,5.0,2,1,8,siren,CC BY
40722-8-0-3.wav,40722,1.5,5.5,2,1,8,siren,CC BY
40722-8-0-4.wav,40722,2.0,6.0,2,1,8,siren,CC BY
40722-8-0-5.wav,40722,2.5,6.5,2,1,8,siren,CC BY
40722-8-0-6.wav,40722,3.0,7.0,2,1,8,siren,CC BY
40722-8-0-7.wav,40722,3.5,7.5,2,1,8,siren,CC BY
40722-8-0-8.wav,40722,4.0,8.0,2,1,8,siren,CC BY
43802-1-0-0.wav,43802,1.111691,1.293604,1,6,1,car_horn,CC BY
43802-1-1-0.wav,43802,2.425507,2.627632,1,6,1,car_horn,CC BY
43802-1-2-0.wav,43802,8.044598,8.287148,2,6,1,car_horn,CC BY
43803-1-0-0.wav,43803,2.225494,2.404799,2,5,1,car_horn,CC BY
43805-8-0-0.wav,43805,49.532944,53.532944,1,7,8,siren,CC BY
43805-8-1-0.wav,43805,64.181737,64.461469,1,7,8,siren,CC BY
43805-8-2-0.wav,43805,64.723608,64.983987,1,7,8,siren,CC BY
43805-8-3-0.wav,43805,79.179405,79.537549,2,7,8,siren,CC BY
43805-8-4-0.wav,43805,80.160407,80.589329,2,7,8,siren,CC BY
43806-8-0-0.wav,43806,0.0,4.0,1,1,8,siren,CC BY
46391-1-0-0.wav,46391,55.735952,59.735952,2,5,1,car_horn,CC BY
46391-1-1-0.wav,46391,98.480072,99.570989,2,5,1,car_horn,CC BY
49974-1-0-0.wav,49974,0.0,2.588,1,8,1,car_horn,CC0
52102-1-0-0.wav,52102,32.140691,32.564609,2,5,1,car_horn,CC BY
54086-1-0-0.wav,54086,0.0,1.16194,1,10,1,car_horn,CC0
54086-1-1-0.wav,54086,1.524149,2.725537,1,10,1,car_horn,CC0
54086-1-2-0.wav,54086,3.066229,4.353687,1,10,1,car_horn,CC0
54187-1-0-0.wav,54187,0.189361,4.189361,1,9,1,car_horn,CC BY
54187-1-0-1.wav,54187,0.689361,4.689361,1,9,1,car_horn,CC BY
54187-1-0-2.wav,54187,1.189361,5.189361,1,9,1,car_horn,CC BY
54187-1-0-3.wav,54187,1.689361,5.689361,1,9,1,car_horn,CC BY
54187-1-0-4.wav,54187,2.189361,6.189361,1,9,1,car_horn,CC BY
54898-8-0-0.wav,54898,46.992301,50.992301,2,3,8,siren,CC BY
54898-8-0-1.wav,54898,47.492301,51.492301,2,3,8,siren,CC BY
54898-8-0-10.wav,54898,51.992301,55.992301,2,3,8,siren,CC BY
54898-8-0-2.wav,54898,47.992301,51.992301,2,3,8,siren,CC BY
54898-8-0-3.wav,54898,48.492301,52.492301,2,3,8,siren,CC BY
54898-8-0-4.wav,54898,48.992301,52.992301,2,3,8,siren,CC BY
54898-8-0-5.wav,54898,49.492301,53.492301,2,3,8,siren,CC BY
54898-8-0-6.wav,54898,49.992301,53.992301,2,3,8,siren,CC BY
54898-8-0-7.wav,54898,50.492301,54.492301,2,3,8,siren,CC BY
54898-8-0-8.wav,54898,50.992301,54.992301,2,3,8,siren,CC BY
54898-8-0-9.wav,54898,51.492301,55.492301,2,3,8,siren,CC BY
57607-1-0-0.wav,57607,9.765042,10.262624,2,6,1,car_horn,CC BY
58202-1-0-0.wav,58202,0.0,1.455435,1,2,1,car_horn,CC BY
65472-1-0-0.wav,65472,86.356413,87.241771,2,5,1,car_horn,CC BY
68657-1-0-0.wav,68657,0.104608,0.853333,2,6,1,car_horn,CC BY
6984-1-0-0.wav,6984,6.005781,6.444256,2,8,1,car_horn,CC BY
71309-1-0-0.wav,71309,0.406025,4.406025,2,8,1,car_horn,CC BY
71309-1-0-1.wav,71309,0.906025,4.906025,2,8,1,car_horn,CC BY
71309-1-0-2.wav,71309,1.406025,5.406025,2,8,1,car_horn,CC BY
71309-1-0-3.wav,71309,1.906025,5.906025,2,8,1,car_horn,CC BY
71309-1-0-4.wav,71309,2.406025,6.406025,2,8,1,car_horn,CC BY
71309-1-0-5.wav,71309,2.906025,6.906025,2,8,1,car_horn,CC BY
71309-1-0-6.wav,71309,3.406025,7.406025,2,8,1,car_horn,CC BY
71309-1-0-7.wav,71309,3.906025,7.906025,2,8,1,car_horn,CC BY
71309-1-0-8.wav,71309,4.406025,8.406025,2,8,1,car_horn,CC BY
71309-1-1-0.wav,71309,38.797915,39.249054,2,8,1,car_horn,CC BY
71309-1-2-0.wav,71309,45.51988,45.835677,2,8,1,car_horn,CC BY
73168-1-0-0.wav,73168,0.067329,0.724461,1,9,1,car_horn,CC BY
73168-1-1-0.wav,73168,2.413075,3.452636,1,9,1,car_horn,CC BY
73168-1-2-0.wav,73168,3.670782,4.524515,1,9,1,car_horn,CC BY
74364-8-1-0.wav,74364,139.03796,143.03796,2,10,8,siren,CC BY
74364-8-1-1.wav,74364,139.53796,143.53796,2,10,8,siren,CC BY
74364-8-1-10.wav,74364,144.03796,148.03796,2,10,8,siren,CC BY
74364-8-1-11.wav,74364,144.53796,148.53796,2,10,8,siren,CC BY
74364-8-1-12.wav,74364,145.03796,149.03796,2,10,8,siren,CC BY
74364-8-1-13.wav,74364,145.53796,149.53796,2,10,8,siren,CC BY
74364-8-1-14.wav,74364,146.03796,150.03796,2,10,8,siren,CC BY
74364-8-1-15.wav,74364,146.53796,150.53796,2,10,8,siren,CC BY
74364-8-1-16.wav,74364,147.03796,151.03796,2,10,8,siren,CC BY
74364-8-1-17.wav,74364,147.53796,151.53796,2,10,8,siren,CC BY
74364-8-1-18.wav,74364,148.03796,152.03796,2,10,8,siren,CC BY
74364-8-1-19.wav,74364,148.53796,152.53796,2,10,8,siren,CC BY
74364-8-1-2.wav,74364,140.03796,144.03796,2,10,8,siren,CC BY
74364-8-1-20.wav,74364,149.03796,153.03796,2,10,8,siren,CC BY
74364-8-1-21.wav,74364,149.53796,153.53796,2,10,8,siren,CC BY
74364-8-1-22.wav,74364,150.03796,154.03796,2,10,8,siren,CC BY
74364-8-1-23.wav,74364,150.53796,154.53796,2,10,8,siren,CC BY
74364-8-1-24.wav,74364,151.03796,155.03796,2,10,8,siren,CC BY
74364-8-1-25.wav,74364,151.53796,155.53796,2,10,8,siren,CC BY
74364-8-1-26.wav,74364,152.03796,156.03796,2,10,8,siren,CC BY
74364-8-1-27.wav,74364,152.53796,156.53796,2,10,8,siren,CC BY
74364-8-1-3.wav,74364,140.53796,144.53796,2,10,8,siren,CC BY
74364-8-1-4.wav,74364,141.03796,145.03796,2,10,8,siren,CC BY
74364-8-1-5.wav,74364,141.53796,145.53796,2,10,8,siren,CC BY
74364-8-1-6.wav,74364,142.03796,146.03796,2,10,8,siren,CC BY
74364-8-1-7.wav,74364,142.53796,146.53796,2,10,8,siren,CC BY
74364-8-1-8.wav,74364,143.03796,147.03796,2,10,8,siren,CC BY
74364-8-1-9.wav,74364,143.53796,147.53796,2,10,8,siren,CC BY
75490-8-0-0.wav,75490,0.0,4.0,1,6,8,siren,CC BY
75490-8-0-1.wav,75490,0.5,4.5,1,6,8,siren,CC BY
75490-8-0-2.wav,75490,1.0,5.0,1,6,8,siren,CC BY
75490-8-1-0.wav,75490,9.204014,13.204014,2,6,8,siren,CC BY
75490-8-1-1.wav,75490,9.704014,13.704014,2,6,8,siren,CC BY
77509-1-0-0.wav,77509,2.967344,3.557308,2,5,1,car_horn,CC BY
82317-1-0-0.wav,82317,10.968053,14.968053,2,6,1,car_horn,CC BY
83465-1-0-0.wav,83465,1.334117,1.859058,1,8,1,car_horn,CC0
87275-1-0-0.wav,87275,1.337496,1.482876,2,1,1,car_horn,CC0
87275-1-1-0.wav,87275,1.613718,1.668236,2,1,1,car_horn,CC0
87275-1-2-0.wav,87275,1.817251,1.871768,2,1,1,car_horn,CC0
87275-1-3-0.wav,87275,2.202508,2.264294,2,1,1,car_horn,CC0
87275-1-4-0.wav,87275,2.409674,2.47873,2,1,1,car_horn,CC0
87275-1-5-0.wav,87275,2.645917,2.754952,2,1,1,car_horn,CC0
89679-1-0-0.wav,89679,20.28993,21.585583,2,7,1,car_horn,CC BY
89679-1-1-0.wav,89679,22.362975,23.114454,2,7,1,car_horn,CC BY
90014-8-0-0.wav,90014,0.0,4.0,1,3,8,siren,CC BY
90014-8-0-1.wav,90014,0.5,4.5,1,3,8,siren,CC BY
90014-8-0-2.wav,90014,1.0,5.0,1,3,8,siren,CC BY
90014-8-0-3.wav,90014,1.5,5.5,1,3,8,siren,CC BY
90014-8-0-4.wav,90014,2.0,6.0,1,3,8,siren,CC BY
90014-8-0-5.wav,90014,2.5,6.5,1,3,8,siren,CC BY
90014-8-0-6.wav,90014,3.0,7.0,1,3,8,siren,CC BY
90846-8-0-0.wav,90846,0.38257,1.702854,2,3,8,siren,CC BY
91396-8-0-0.wav,91396,121.591247,125.591247,2,2,8,siren,CC0
91396-8-0-1.wav,91396,122.091247,126.091247,2,2,8,siren,CC0
91396-8-0-2.wav,91396,122.591247,126.591247,2,2,8,siren,CC0
91396-8-0-3.wav,91396,123.091247,127.091247,2,2,8,siren,CC0
94401-1-0-0.wav,94401,106.737529,107.836173,1,2,1,car_horn,CC BY
94636-8-0-0.wav,94636,0.0,4.0,2,3,8,siren,CC BY
94636-8-0-1.wav,94636,0.5,4.5,2,3,8,siren,CC BY
94636-8-0-10.wav,94636,5.0,9.0,2,3,8,siren,CC BY
94636-8-0-11.wav,94636,5.5,9.5,2,3,8,siren,CC BY
94636-8-0-12.wav,94636,6.0,10.0,2,3,8,siren,CC BY
94636-8-0-13.wav,94636,6.5,10.5,2,3,8,siren,CC BY
94636-8-0-14.wav,94636,7.0,11.0,2,3,8,siren,CC BY
94636-8-0-15.wav,94636,7.5,11.5,2,3,8,siren,CC BY
94636-8-0-16.wav,94636,8.0,12.0,2,3,8,siren,CC BY
94636-8-0-17.wav,94636,8.5,12.5,2,3,8,siren,CC BY
94636-8-0-18.wav,94636,9.0,13.0,2,3,8,siren,CC BY
94636-8-0-19.wav,94636,9.5,13.5,2,3,8,siren,CC BY
94636-8-0-2.wav,94636,1.0,5.0,2,3,8,siren,CC BY
94636-8-0-20.wav,94636,10.0,14.0,2,3,8,siren,CC BY
94636-8-0-21.wav,94636,10.5,14.5,2,3,8,siren,CC BY
94636-8-0-3.wav,94636,1.5,5.5,2,3,8,siren,CC BY
94636-8-0-4.wav,94636,2.0,6.0,2,3,8,siren,CC BY
94636-8-0-5.wav,94636,2.5,6.5,2,3,8,siren,CC BY
94636-8-0-6.wav,94636,3.0,7.0,2,3,8,siren,CC BY
94636-8-0-7.wav,94636,3.5,7.5,2,3,8,siren,CC BY
94636-8-0-8.wav,94636,4.0,8.0,2,3,8,siren,CC BY
94636-8-0-9.wav,94636,4.5,8.5,2,3,8,siren,CC BY
94868-1-0-0.wav,94868,0.179042,0.530411,1,1,1,car_horn,CC0
94868-1-1-0.wav,94868,1.076489,1.468143,1,1,1,car_horn,CC0
94868-1-2-0.wav,94868,2.381256,2.75053,1,1,1,car_horn,CC0
96657-8-0-0.wav,96657,122.337051,126.337051,2,8,8,siren,CC0
96657-8-0-1.wav,96657,122.837051,126.837051,2,8,8,siren,CC0
96657-8-0-2.wav,96657,123.337051,127.337051,2,8,8,siren,CC0
96657-8-0-3.wav,96657,123.837051,127.837051,2,8,8,siren,CC0
9674-1-0-0.wav,9674,1.062597,5.062597,1,3,1,car_horn,CC BY
9674-1-0-1.wav,9674,1.562597,5.562597,1,3,1,car_horn,CC BY
9674-1-0-2.wav,9674,2.062597,6.062597,1,3,1,car_horn,CC BY
99812-1-0-0.wav,99812,38.176254,42.176254,2,7,1,car_horn,CC0
99812-1-0-1.wav,99812,38.676254,42.676254,2,7,1,car_horn,CC0
99812-1-0-2.wav,99812,39.176254,43.176254,2,7,1,car_horn,CC0
99812-1-1-0.wav,99812,89.207778,93.207778,2,7,1,car_horn,CC0
99812-1-2-0.wav,99812,159.522205,163.522205,2,7,1,car_horn,CC0
99812-1-3-0.wav,99812,181.142431,183.284976,2,7,1,car_horn,CC0
99812-1-4-0.wav,99812,242.691902,246.197885,2,7,1,car_horn,CC0
99812-1-5-0.wav,99812,253.20985,255.741948,2,7,1,car_horn,CC0
99812-1-6-0.wav,99812,332.289233,334.821332,2,7,1,car_horn,CC0
